feature,importance
year,0.0035035333680905173
month,0.005440999679237165
day_of_week,0.027793025664007043
previous_day_traffic,0.2819632475086564
traffic_one_week_earlier,0.6156223777938514
temperature,0.011105135652012158
precipitation,0.01786702797487456
wind_speed,0.010215036851796732
sunshine_duration,0.01238418830131483
precipitation_hours,0.014105427206159146
