model,MAE,RMSE,R2
Linear Regression,177.26361590498212,261.0527641620837,0.8725539890068111
Random Forest,126.59106880427521,217.67038984419608,0.9113929322660952
